{
  "name": "VM Disk Latency \u2013 Scoreboard & Dual Distribution (8.18)",
  "description": "Interactive VM I/O latency dashboard for Aria Ops 8.18 with Scoreboard (Latency + IOPS/KBps) and dual Distribution (Read & Write).",
  "version": "8.18",
  "widgets": [
    {
      "type": "ObjectListWidget",
      "title": "Select Virtual Machine(s)",
      "config": {
        "selfProvider": true,
        "objectTypes": [
          "Virtual Machine"
        ],
        "columns": [
          {
            "type": "property",
            "key": "summary|name"
          },
          {
            "type": "metric",
            "key": "health|overall"
          }
        ],
        "autoSelectFirstRow": false
      },
      "id": "w_object_list"
    },
    {
      "type": "MetricChartWidget",
      "title": "VM Read/Write Latency (ms) \u2013 Time Series",
      "config": {
        "selfProvider": false,
        "timeRange": "DASHBOARD_TIME",
        "splitChart": false,
        "metrics": [
          {
            "objectSource": "INTERACTION",
            "metricKey": "virtualDisk:Aggregate of all instances|totalReadLatency_average"
          },
          {
            "objectSource": "INTERACTION",
            "metricKey": "virtualDisk:Aggregate of all instances|totalWriteLatency_average"
          }
        ]
      },
      "id": "w_metric_chart"
    },
    {
      "type": "ViewWidget",
      "title": "Scoreboard \u2013 VM Disk KPIs (Latency + IOPS/KBps)",
      "config": {
        "selfProvider": false,
        "viewName": "Scoreboard \u2013 VM Disk KPIs (Latency + IOPS/KBps)"
      },
      "id": "w_view_scoreboard"
    },
    {
      "type": "ViewWidget",
      "title": "Distribution \u2013 VM Read Latency (ms)",
      "config": {
        "selfProvider": false,
        "viewName": "Distribution \u2013 VM Read Latency (ms)"
      },
      "id": "w_view_distribution_read"
    },
    {
      "type": "ViewWidget",
      "title": "Distribution \u2013 VM Write Latency (ms)",
      "config": {
        "selfProvider": false,
        "viewName": "Distribution \u2013 VM Write Latency (ms)"
      },
      "id": "w_view_distribution_write"
    }
  ],
  "layout": {
    "grid": [
      {
        "id": "w_object_list",
        "x": 0,
        "y": 0,
        "w": 6,
        "h": 10
      },
      {
        "id": "w_metric_chart",
        "x": 6,
        "y": 0,
        "w": 18,
        "h": 10
      },
      {
        "id": "w_view_scoreboard",
        "x": 0,
        "y": 10,
        "w": 24,
        "h": 6
      },
      {
        "id": "w_view_distribution_read",
        "x": 0,
        "y": 16,
        "w": 12,
        "h": 8
      },
      {
        "id": "w_view_distribution_write",
        "x": 12,
        "y": 16,
        "w": 12,
        "h": 8
      }
    ]
  },
  "interactions": [
    {
      "from": "w_object_list",
      "to": [
        "w_metric_chart",
        "w_view_scoreboard",
        "w_view_distribution_read",
        "w_view_distribution_write"
      ],
      "type": "RESOURCE_SELECTION"
    }
  ]
}