{
  "name": "Scoreboard \u2013 VM Disk KPIs (Latency + IOPS/KBps)",
  "type": "SCOREBOARD",
  "subject": "Virtual Machine",
  "availability": {
    "dashboards": true,
    "reports": true
  },
  "tiles": [
    {
      "label": "P95 Read Latency (ms)",
      "metricKey": "virtualDisk:Aggregate of all instances|totalReadLatency_average",
      "aggregation": "P95",
      "unit": "ms",
      "decimals": 1,
      "thresholds": [
        {
          "color": "GREEN",
          "operator": "<",
          "value": 10
        },
        {
          "color": "YELLOW",
          "operator": ">=",
          "value": 10
        },
        {
          "color": "RED",
          "operator": ">=",
          "value": 20
        }
      ]
    },
    {
      "label": "P95 Write Latency (ms)",
      "metricKey": "virtualDisk:Aggregate of all instances|totalWriteLatency_average",
      "aggregation": "P95",
      "unit": "ms",
      "decimals": 1,
      "thresholds": [
        {
          "color": "GREEN",
          "operator": "<",
          "value": 10
        },
        {
          "color": "YELLOW",
          "operator": ">=",
          "value": 10
        },
        {
          "color": "RED",
          "operator": ">=",
          "value": 20
        }
      ]
    },
    {
      "label": "Max Read Latency (ms)",
      "metricKey": "virtualDisk:Aggregate of all instances|totalReadLatency_average",
      "aggregation": "MAX",
      "unit": "ms",
      "decimals": 1,
      "thresholds": [
        {
          "color": "GREEN",
          "operator": "<",
          "value": 10
        },
        {
          "color": "YELLOW",
          "operator": ">=",
          "value": 10
        },
        {
          "color": "RED",
          "operator": ">=",
          "value": 20
        }
      ]
    },
    {
      "label": "Max Write Latency (ms)",
      "metricKey": "virtualDisk:Aggregate of all instances|totalWriteLatency_average",
      "aggregation": "MAX",
      "unit": "ms",
      "decimals": 1,
      "thresholds": [
        {
          "color": "GREEN",
          "operator": "<",
          "value": 10
        },
        {
          "color": "YELLOW",
          "operator": ">=",
          "value": 10
        },
        {
          "color": "RED",
          "operator": ">=",
          "value": 20
        }
      ]
    },
    {
      "label": "Max RW IOPS",
      "metricKey": "virtualDisk:Aggregate of all instances|commandsAveraged_average",
      "aggregation": "MAX",
      "unit": "IOPS",
      "decimals": 0,
      "thresholds": []
    },
    {
      "label": "Max RW Throughput (KBps)",
      "metricKey": "virtualDisk:Aggregate of all instances|usage_average",
      "aggregation": "MAX",
      "unit": "KBps",
      "decimals": 0,
      "thresholds": []
    }
  ],
  "filters": {
    "objectTypes": [
      "Virtual Machine"
    ]
  }
}