{
  "name": "Distribution \u2013 VM Read Latency (ms)",
  "type": "DISTRIBUTION",
  "subject": "Virtual Machine",
  "availability": {
    "dashboards": true,
    "reports": true
  },
  "series": [
    {
      "metricKey": "virtualDisk:Aggregate of all instances|totalReadLatency_average",
      "unit": "ms",
      "decimals": 1,
      "buckets": [
        {
          "label": "0\u20135",
          "min": 0,
          "max": 5
        },
        {
          "label": "5\u201310",
          "min": 5,
          "max": 10
        },
        {
          "label": "10\u201320",
          "min": 10,
          "max": 20
        },
        {
          "label": "20\u201350",
          "min": 20,
          "max": 50
        },
        {
          "label": ">50",
          "min": 50,
          "max": null
        }
      ],
      "colors": [
        "#1E8E3E",
        "#34A853",
        "#FBBC04",
        "#F29900",
        "#EA4335"
      ]
    }
  ],
  "filters": {
    "objectTypes": [
      "Virtual Machine"
    ]
  }
}