{
  "dashboards": [
    {
      "autoswitchEnabled": false,
      "columnCount": 1,
      "columnProportion": "1-1",
      "creationTime": 1763115392556,
      "dashboardNavigations": {},
      "description": "Importable mega-dashboard with VM-level, VirtualDisk-level and Datastore-level latency charts. Auto-highlighting uses warning=20ms, critical=50ms.",
      "disabled": false,
      "gridsterMaxColumns": 12,
      "hidden": false,
      "homeTab": false,
      "id": "661e4b53-8e89-48a2-b1d5-06c950f426fe",
      "importAttempts": 0,
      "importComplete": true,
      "lastUpdateTime": 1763115392556,
      "lastUpdateUserId": "89b215a9-bdd6-4c09-993c-bc29030b68c7",
      "locked": false,
      "name": "Mega - VM/VirtualDisk/Datastore Latency (Importable)",
      "rank": 0,
      "shared": false,
      "states": [],
      "temporary": false,
      "userId": "89b215a9-bdd6-4c09-993c-bc29030b68c7",
      "widgetInteractions": [],
      "widgets": [
        {
          "id": "a37637ad-aa22-4168-9fef-55f3c5266308",
          "title": "VM-Level: Per-Disk Read/Write Latency (ms)",
          "type": "metricChart",
          "gridsterCoords": {
            "x": 0,
            "y": 0,
            "w": 12,
            "h": 9
          },
          "config": {
            "title": "VM-Level: Per-Disk Read/Write Latency (ms)",
            "mode": "resource",
            "resourceSelector": {
              "kind": "VirtualMachine",
              "default": null
            },
            "metricSeries": [
              {
                "metricId": "VirtualMachine|Disk Read Latency (ms)",
                "aggregation": "AVG",
                "display": "{disk} - Read (ms)"
              },
              {
                "metricId": "VirtualMachine|Disk Write Latency (ms)",
                "aggregation": "AVG",
                "display": "{disk} - Write (ms)"
              }
            ],
            "dimensionGrouping": {
              "enabled": true,
              "groupBy": [
                "VirtualDisk.name",
                "VirtualDisk.deviceKey"
              ],
              "maxSeries": 12
            },
            "refreshInterval": 60,
            "thresholds": [
              {
                "id": "t1",
                "label": "Warn",
                "value": 20
              },
              {
                "id": "t2",
                "label": "Crit",
                "value": 50
              }
            ]
          }
        },
        {
          "id": "24f79849-1a67-4bb8-b9d7-f64fe1359181",
          "title": "VirtualDisk-Level: Read/Write Latency (ms)",
          "type": "metricChart",
          "gridsterCoords": {
            "x": 12,
            "y": 0,
            "w": 12,
            "h": 9
          },
          "config": {
            "title": "VirtualDisk-Level: Read/Write Latency (ms)",
            "mode": "resource",
            "resourceSelector": {
              "kind": "VirtualDisk",
              "default": null
            },
            "metricSeries": [
              {
                "metricId": "VirtualDisk|Read Latency (ms)",
                "aggregation": "AVG",
                "display": "Read (ms)"
              },
              {
                "metricId": "VirtualDisk|Write Latency (ms)",
                "aggregation": "AVG",
                "display": "Write (ms)"
              }
            ],
            "refreshInterval": 60,
            "thresholds": [
              {
                "id": "vt1",
                "label": "Warn",
                "value": 20
              },
              {
                "id": "vt2",
                "label": "Crit",
                "value": 50
              }
            ]
          }
        },
        {
          "id": "259ae7e0-d379-4c5c-9705-a6b158e26175",
          "title": "Datastore: Read/Write Latency (ms)",
          "type": "metricChart",
          "gridsterCoords": {
            "x": 0,
            "y": 9,
            "w": 12,
            "h": 6
          },
          "config": {
            "title": "Datastore: Read/Write Latency (ms)",
            "mode": "resource",
            "resourceSelector": {
              "kind": "Datastore",
              "default": null
            },
            "metricSeries": [
              {
                "metricId": "Datastore|Read Latency (ms)",
                "aggregation": "AVG",
                "display": "Read (ms)"
              },
              {
                "metricId": "Datastore|Write Latency (ms)",
                "aggregation": "AVG",
                "display": "Write (ms)"
              }
            ],
            "refreshInterval": 60,
            "thresholds": [
              {
                "id": "dt1",
                "label": "Warn",
                "value": 20
              },
              {
                "id": "dt2",
                "label": "Crit",
                "value": 50
              }
            ]
          }
        },
        {
          "id": "1edd948f-6465-4713-819a-b22e43a2ee80",
          "title": "Summary & Notes",
          "type": "text",
          "gridsterCoords": {
            "x": 12,
            "y": 9,
            "w": 12,
            "h": 6
          },
          "config": {
            "title": "Summary & Notes",
            "content": "Use resource selectors to choose VM/VirtualDisk/Datastore. Auto-highlighting thresholds: warn >=20ms, crit >=50ms. If metrics don't appear, verify metric keys in Metrics browser.",
            "contentType": "text"
          }
        }
      ]
    }
  ],
  "entries": {
    "resource": [
      {
        "adapterKindKey": "PingAdapter",
        "identifiers": [],
        "internalId": "resource:id:0_::_",
        "name": "Ping World",
        "resourceKindKey": "ping_world"
      }
    ],
    "resourceKind": [
      {
        "adapterKindKey": "PingAdapter",
        "internalId": "resourceKind:id:0_::_",
        "resourceKindKey": "ip_type"
      }
    ]
  }
}