{
  "dashboards": [
    {
      "id": "b5e69929-b9ee-43f7-bf5b-35b4b7800b26",
      "name": "Mega - VM/VirtualDisk/Datastore Latency (Sanitized)",
      "description": "Sanitized importable mega-dashboard. Removed non-standard fields to maximize import compatibility.",
      "creationTime": 1763115960400,
      "lastUpdateTime": 1763115960400,
      "widgets": [
        {
          "id": "8d2586a0-6a3b-430a-933c-9b5a3c11fd4b",
          "title": "VM-Level: Per-Disk Read/Write Latency (ms)",
          "type": "metricChart",
          "gridsterCoords": {
            "x": 0,
            "y": 0,
            "w": 12,
            "h": 9
          },
          "config": {
            "title": "VM-Level: Per-Disk Read/Write Latency (ms)",
            "resourceSelector": {
              "kind": "VirtualMachine",
              "default": null
            },
            "series": [
              {
                "metricName": "VirtualMachine|Disk Read Latency (ms)",
                "aggregation": "AVG",
                "displayName": "{disk} - Read (ms)"
              },
              {
                "metricName": "VirtualMachine|Disk Write Latency (ms)",
                "aggregation": "AVG",
                "displayName": "{disk} - Write (ms)"
              }
            ],
            "dimensionGrouping": {
              "enabled": true,
              "groupBy": [
                "VirtualDisk.name",
                "VirtualDisk.deviceKey"
              ],
              "maxSeries": 12
            },
            "refreshInterval": 60,
            "thresholds": [
              {
                "id": "t1",
                "label": "Warn",
                "value": 20
              },
              {
                "id": "t2",
                "label": "Crit",
                "value": 50
              }
            ]
          }
        },
        {
          "id": "2ac2b6aa-8d16-4040-9795-9ecfcf4576d2",
          "title": "VirtualDisk-Level: Read/Write Latency (ms)",
          "type": "metricChart",
          "gridsterCoords": {
            "x": 12,
            "y": 0,
            "w": 12,
            "h": 9
          },
          "config": {
            "title": "VirtualDisk-Level: Read/Write Latency (ms)",
            "resourceSelector": {
              "kind": "VirtualDisk",
              "default": null
            },
            "series": [
              {
                "metricName": "VirtualDisk|Read Latency (ms)",
                "aggregation": "AVG",
                "displayName": "Read (ms)"
              },
              {
                "metricName": "VirtualDisk|Write Latency (ms)",
                "aggregation": "AVG",
                "displayName": "Write (ms)"
              }
            ],
            "refreshInterval": 60,
            "thresholds": [
              {
                "id": "vt1",
                "label": "Warn",
                "value": 20
              },
              {
                "id": "vt2",
                "label": "Crit",
                "value": 50
              }
            ]
          }
        },
        {
          "id": "1fe36294-50bd-40a8-984c-d064575d095a",
          "title": "Datastore: Read/Write Latency (ms)",
          "type": "metricChart",
          "gridsterCoords": {
            "x": 0,
            "y": 9,
            "w": 12,
            "h": 6
          },
          "config": {
            "title": "Datastore: Read/Write Latency (ms)",
            "resourceSelector": {
              "kind": "Datastore",
              "default": null
            },
            "series": [
              {
                "metricName": "Datastore|Read Latency (ms)",
                "aggregation": "AVG",
                "displayName": "Read (ms)"
              },
              {
                "metricName": "Datastore|Write Latency (ms)",
                "aggregation": "AVG",
                "displayName": "Write (ms)"
              }
            ],
            "refreshInterval": 60,
            "thresholds": [
              {
                "id": "dt1",
                "label": "Warn",
                "value": 20
              },
              {
                "id": "dt2",
                "label": "Crit",
                "value": 50
              }
            ]
          }
        },
        {
          "id": "9856d6c6-a86e-4399-a48a-a2ab072d0f81",
          "title": "Summary & Notes",
          "type": "text",
          "gridsterCoords": {
            "x": 12,
            "y": 9,
            "w": 12,
            "h": 6
          },
          "config": {
            "title": "Summary & Notes",
            "content": "Use resource selectors after import to choose VM/VirtualDisk/Datastore. Thresholds: warn >=20ms, crit >=50ms. If metrics don't appear, verify metric keys in Metrics browser.",
            "contentType": "text"
          }
        }
      ]
    }
  ]
}