{
  "dashboardVersion": "8.0",
  "name": "Mega Dashboard - VM / VirtualDisk / Datastore Latency (Combined)",
  "description": "Combined dashboard that shows VM-level, VirtualDisk-level and Datastore-level read/write latency time graphs in a single view. Includes per-disk grouping, thresholds, scope pickers, export-ready resource examples, presets for Aria Operations 8.x (8.6 / 8.18), and preconfigured filters to highlight disks that exceed latency thresholds.",
  "widgets": [
    {
      "id": "wg-overview-header",
      "name": "Header",
      "type": "textWidget",
      "layout": {
        "x": 0,
        "y": 0,
        "width": 24,
        "height": 1
      },
      "properties": {
        "contentType": "markdown",
        "content": "# Mega Dashboard \u2014 VM / VirtualDisk / Datastore Latency\nCombined view: VM-level per-disk, VirtualDisk-level, and Datastore-level latency time graphs.\n\nThis version includes *auto-highlighting* filters that dim non-violating series and emphasize disks exceeding warning/critical thresholds."
      }
    },
    {
      "id": "wg-vm-level",
      "name": "VM-Level Per-Disk Latency",
      "type": "metricChartWidget",
      "layout": {
        "x": 0,
        "y": 1,
        "width": 12,
        "height": 9
      },
      "properties": {
        "title": "VM-Level: Disk Read/Write Latency (ms)",
        "timeRange": {
          "type": "relative",
          "value": 3600,
          "unit": "SECONDS"
        },
        "refreshIntervalSeconds": 60,
        "chartType": "line",
        "series": [
          {
            "id": "vm-disk-read",
            "displayName": "{disk} - Read (ms)",
            "metric": {
              "objectType": "VirtualMachine",
              "metricName": "VirtualMachine|Disk Read Latency (ms)",
              "aggregation": "AVG",
              "intervalSeconds": 300
            },
            "dimensionGrouping": {
              "enabled": true,
              "groupBy": [
                "VirtualDisk.name",
                "VirtualDisk.deviceKey",
                "Disk.label"
              ],
              "maxSeries": 12
            },
            "visual": {
              "yAxis": "left",
              "lineWidth": 1.5
            }
          },
          {
            "id": "vm-disk-write",
            "displayName": "{disk} - Write (ms)",
            "metric": {
              "objectType": "VirtualMachine",
              "metricName": "VirtualMachine|Disk Write Latency (ms)",
              "aggregation": "AVG",
              "intervalSeconds": 300
            },
            "dimensionGrouping": {
              "enabled": true,
              "groupBy": [
                "VirtualDisk.name",
                "VirtualDisk.deviceKey",
                "Disk.label"
              ],
              "maxSeries": 12
            },
            "visual": {
              "yAxis": "left",
              "lineWidth": 1.5,
              "lineStyle": "dash"
            }
          }
        ],
        "thresholds": [
          {
            "id": "t1",
            "label": "Warn",
            "value": 20,
            "comparison": "GREATER_THAN",
            "severity": "WARNING"
          },
          {
            "id": "t2",
            "label": "Crit",
            "value": 50,
            "comparison": "GREATER_THAN",
            "severity": "CRITICAL"
          }
        ],
        "legend": {
          "show": true
        },
        "scopePicker": {
          "enabled": true,
          "defaultScope": {
            "type": "Resource",
            "resourceKinds": [
              "VirtualMachine"
            ]
          },
          "allowMultiSelect": false
        },
        "autoHighlight": {
          "enabled": true,
          "applyTo": [
            "vm-disk-read",
            "vm-disk-write"
          ],
          "warningThreshold": 20,
          "criticalThreshold": 50,
          "behavior": "dim-others",
          "styles": {
            "warning": {
              "lineWidth": 2.5,
              "opacity": 1.0,
              "emphasisColor": "#FFA500"
            },
            "critical": {
              "lineWidth": 3.5,
              "opacity": 1.0,
              "emphasisColor": "#FF0000"
            },
            "normalDim": {
              "lineWidth": 1.0,
              "opacity": 0.15
            }
          },
          "evaluationMode": "perSeries"
        },
        "seriesFilters": [
          {
            "id": "filter-warning",
            "type": "metricThreshold",
            "metric": "VirtualMachine|Disk Write Latency (ms)",
            "comparison": "GREATER_THAN_EQUAL",
            "value": 20,
            "apply": {
              "visualStyle": "warning"
            }
          },
          {
            "id": "filter-critical",
            "type": "metricThreshold",
            "metric": "VirtualMachine|Disk Write Latency (ms)",
            "comparison": "GREATER_THAN_EQUAL",
            "value": 50,
            "apply": {
              "visualStyle": "critical"
            }
          }
        ],
        "notes": "Auto-highlighting looks at both Read and Write series for each disk; any series exceeding thresholds will be emphasized and non-violating series will be dimmed. Adjust maxSeries to control visual density."
      }
    },
    {
      "id": "wg-vd-level",
      "name": "VirtualDisk-Level Latency",
      "type": "metricChartWidget",
      "layout": {
        "x": 12,
        "y": 1,
        "width": 12,
        "height": 9
      },
      "properties": {
        "title": "VirtualDisk-Level: Read/Write Latency (ms)",
        "timeRange": {
          "type": "relative",
          "value": 3600,
          "unit": "SECONDS"
        },
        "chartType": "line",
        "series": [
          {
            "id": "vd-read",
            "displayName": "Read (ms)",
            "metric": {
              "objectType": "VirtualDisk",
              "metricName": "VirtualDisk|Read Latency (ms)",
              "aggregation": "AVG",
              "intervalSeconds": 300
            },
            "visual": {
              "yAxis": "left",
              "lineWidth": 1.5
            }
          },
          {
            "id": "vd-write",
            "displayName": "Write (ms)",
            "metric": {
              "objectType": "VirtualDisk",
              "metricName": "VirtualDisk|Write Latency (ms)",
              "aggregation": "AVG",
              "intervalSeconds": 300
            },
            "visual": {
              "yAxis": "left",
              "lineWidth": 1.5,
              "lineStyle": "dash"
            }
          }
        ],
        "dimensionGrouping": {
          "enabled": false
        },
        "thresholds": [
          {
            "id": "vd-t1",
            "label": "Warn",
            "value": 20,
            "comparison": "GREATER_THAN",
            "severity": "WARNING"
          },
          {
            "id": "vd-t2",
            "label": "Crit",
            "value": 50,
            "comparison": "GREATER_THAN",
            "severity": "CRITICAL"
          }
        ],
        "scopePicker": {
          "enabled": true,
          "defaultScope": {
            "type": "Resource",
            "resourceKinds": [
              "VirtualDisk"
            ]
          },
          "allowMultiSelect": true
        },
        "autoHighlight": {
          "enabled": true,
          "applyTo": [
            "vd-read",
            "vd-write"
          ],
          "warningThreshold": 20,
          "criticalThreshold": 50,
          "behavior": "dim-others",
          "styles": {
            "warning": {
              "lineWidth": 2.5,
              "opacity": 1.0,
              "emphasisColor": "#FFA500"
            },
            "critical": {
              "lineWidth": 3.5,
              "opacity": 1.0,
              "emphasisColor": "#FF0000"
            },
            "normalDim": {
              "lineWidth": 1.0,
              "opacity": 0.15
            }
          },
          "evaluationMode": "perSeries"
        }
      }
    },
    {
      "id": "wg-ds-level",
      "name": "Datastore-Level Latency",
      "type": "metricChartWidget",
      "layout": {
        "x": 0,
        "y": 10,
        "width": 12,
        "height": 6
      },
      "properties": {
        "title": "Datastore: Read/Write Latency (ms)",
        "timeRange": {
          "type": "relative",
          "value": 3600,
          "unit": "SECONDS"
        },
        "chartType": "line",
        "series": [
          {
            "id": "ds-read",
            "displayName": "Read (ms)",
            "metric": {
              "objectType": "Datastore",
              "metricName": "Datastore|Read Latency (ms)",
              "aggregation": "AVG",
              "intervalSeconds": 300
            },
            "visual": {
              "yAxis": "left"
            }
          },
          {
            "id": "ds-write",
            "displayName": "Write (ms)",
            "metric": {
              "objectType": "Datastore",
              "metricName": "Datastore|Write Latency (ms)",
              "aggregation": "AVG",
              "intervalSeconds": 300
            },
            "visual": {
              "yAxis": "left",
              "lineStyle": "dash"
            }
          }
        ],
        "thresholds": [
          {
            "id": "ds-t1",
            "label": "Warn",
            "value": 20,
            "comparison": "GREATER_THAN",
            "severity": "WARNING"
          },
          {
            "id": "ds-t2",
            "label": "Crit",
            "value": 50,
            "comparison": "GREATER_THAN",
            "severity": "CRITICAL"
          }
        ],
        "scopePicker": {
          "enabled": true,
          "defaultScope": {
            "type": "Resource",
            "resourceKinds": [
              "Datastore"
            ]
          },
          "allowMultiSelect": false
        }
      }
    },
    {
      "id": "wg-summary-panel",
      "name": "Summary & Actions",
      "type": "textWidget",
      "layout": {
        "x": 12,
        "y": 10,
        "width": 12,
        "height": 6
      },
      "properties": {
        "contentType": "markdown",
        "content": "### How to use\n- Use the scope pickers on each widget to select the desired VM / VirtualDisk / Datastore.\n- Auto-highlighting will automatically emphasize any disk series that exceed the configured thresholds (Warning: >= 20 ms; Critical: >= 50 ms) and dim other series for clarity.\n\n### Behavior details\n- Evaluation Mode `perSeries`: each individual series (e.g., a particular VM disk Read or Write series) is evaluated. If either Read or Write for a disk crosses a threshold, that disk's lines will be emphasized.\n- `behavior: dim-others`: non-exceeding series will be visually dimmed to 15% opacity.\n\n### Export-Ready ID examples\n- VM: `resource-vm-9a8b-7c6d-5e4f`\n- VirtualDisk: `resource-vd-1122-3344-5566`\n- Datastore: `resource-ds-9988-7766-5544`\n\n### Notes\n- If a metric is missing after import, open the Metrics browser and replace metricName with the correct key for your environment.\n- You can modify `autoHighlight` thresholds and styles after import via the widget properties."
      }
    }
  ],
  "templates": {
    "importNotes": "Combined mega-dashboard with preconfigured auto-highlighting filters. Adjust metric.metricName and dimensionGrouping.maxSeries if needed for your environment."
  }
}